Priority,Classification,Item,Path,Kind,ProductionRefs,TestRefs,PrefabGuidRefs,StageContentCount,RuntimeReachable,OnlyDocs,OnlyTests,WhyDeadOrLowValue,DeleteOrRefactorAction,Risk,RequiredTests
P0,DELETE_NOW_UNUSED,"PushChange_Legacy / FlipChange_Legacy","Assets/_Features/UI/UI_Screens/Prefabs/SettingsScreen.prefab","prefab object name","0","0","0","n/a","No","No","No","Previous duplicate settings rows are absent; no active refs remain","No action except keep absence canary/docs note","Low","./run_tests.sh ui only if changing UI docs/tests"
P0,DOCUMENTED_RENAMED_RETAINED,"Player_S1_GameplayActionAudioProfile.asset canonical production profile","Assets/_Features/Gameplay/Gameplay_ActionAudio/Profiles/Player_S1_GameplayActionAudioProfile.asset","asset name/source sync","Player_S1.prefab references GUID 42a2e109fc5141ec9e866925a0a85c3b","Action audio runtime/smoke tests","profile attached","n/a","Yes","No","No","Old _Test profile name is absent after rename; canonical production profile remains","Keep canonical name in current docs; keep _Test only as historical absence wording","Low","None unless touching audio tests"
P1,REMOVED_AFTER_C_OPTION_DECISION,"RemovedLegacyFallbackDiagnosticsEnabled","Assets/_Features/Gameplay/Gameplay_Loop/Runtime/GameplayRuntimeFeatureFlags.cs","canonical diagnostics field","Diagnostic routing only","Boundary/replay tests","0","n/a","Yes","No","No","Canonical name proves removed-fallback diagnostics without implying fallback authorization","Old-name API and trace projection removed; keep canonical field","High","./run_tests.sh core; replay determinism targeted tests"
P0,DELETE_NOW_UNUSED,"RemovedDiagnosticBaselineAlias / RemovedDiagnosticHelperAlias aliases","Assets","C# aliases","0","0","0","n/a","No","No","No","Runtime aliases absent; remaining mentions are migration docs","Do not re-add; optionally trim historical docs","Low","Docs-only no lane, or core if tests changed"
P2,DOCUMENTED_CURRENT_POLICY,"Flip keyboard-only binding policy","Assets/InputSystem_Actions.inputactions","input binding","Push keeps existing controller binding; Flip stays keyboard-only","Input tests cover keyboard path","InputActionAsset","n/a","Partially","No","No","Current product input policy keeps Flip keyboard-only","Do not add controller binding in this cleanup PR","Medium","./run_tests.sh core; input/playmode targeted tests"
P2,REMOVED_BY_PRODUCT_DECISION,"Gameplay UI Push/Flip action request route","Assets/_Features/Gameplay/Gameplay_Host/Runtime/UIAccess/GameplayHostCommandGateway.cs","UI command gateway","No production UI caller found","RuntimeBoardBoundsGuard/UI tests","0","n/a","Was reachable via gateway only","No","Mostly","No current touch/mobile/assist action button surface","Remove interface methods, host forwarding, input buffers, fakes, and route-only tests","High","./run_tests.sh core; ./run_tests.sh ui"
P4,REFACTOR_RENAME_ONLY,"GameplayInputHost Flip started+performed duplicate buffering","Assets/_Features/Gameplay/Gameplay_Host/Runtime/GameplayInputHost.cs","input callback","Physical Flip route","Input/playmode tests","0","n/a","Yes","No","No","Both callbacks set same bool; may be redundant but can affect Input System edge semantics","Document or normalize after input test proof","Medium","PlayerMovementPlayModeTests; ./run_tests.sh core"
P4,KEEP_TEST_GOVERNANCE,"PlayerTickCommand.PushPressed/FlipPressed direct tests","Assets/_Features/Gameplay/Gameplay_Tests","test command construction","Runtime command fields consumed by PlayerLogic/PlayerControlStateLogic","69 Push, 63 Flip direct calls","0","n/a","Yes","No","No","Most tests pin gameplay command contract, not obsolete API","Do not delete broadly; review only duplicate low-level edge tests","Medium","MovementPhaseScenarioTests; PlayerMovementInputTests; ./run_tests.sh core"
P1,DELETE_AFTER_TEST_MIGRATION,"PlayerTickCommand.Create(... pushPressed: true) no-direction edge tests","PlayerControlScenarioTests.cs; PlayerMovementInputTests.cs","low-level test shape","No product caller uses no-direction UI/physical Push except host no-op path","2 direct calls","0","n/a","Yes in tests","No","Yes","Tests preserve command shape and may duplicate host/input behavior","Migrate to host/physical coverage if equivalent, then remove direct shape tests","Medium","PlayerMovementInputTests; PlayerMovementPlayModeTests; ./run_tests.sh core"
P4,KEEP_TEST_GOVERNANCE,"Plain move into Push box suppression test/helper","MovementPhaseScenarioTests; PlayerMovementPlayModeTests","test governance","Explicit Push semantics","Current tests","0","n/a","Yes","No","No","Prevents ordinary move from reviving implicit Push","Keep","Low","MovementPhaseScenarioTests; PlayerMovementPlayModeTests"
P0,DELETE_NOW_UNUSED,"MovePush / AutoPush / PushThreshold / pushContactTicks residue","Docs/Architecture/Immediate-Push-Input-Semantics.md; Docs/Testing ledger","docs residue","0","0","0","n/a","No","Yes","No","Historical wording only; no runtime artifact","Trim or mark historical only","Low","Docs-only"
P0,DELETE_NOW_UNUSED,"PushBox / FlipBox old component residue","Docs/Testing ledgers and scenario names","docs/test vocabulary","0 as component","Scenario names only","0","n/a","No component","Mostly","No","No old component class exists; scenario names mean box capability","Docs cleanup only; do not rename active scenario names blindly","Low","Docs-only or core if renaming tests"
P0,DELETE_NOW_UNUSED,"HelpScreen Push/Flip prompt residue","Assets Docs","prompt artifact","0","Governance absence tests","0","n/a","No","No","No","No active prompt artifact found","No action or keep absence tests","Low","./run_tests.sh ui if tests/docs changed"
P0,DELETE_NOW_UNUSED,"ActionBar Push/Flip vocabulary","Assets Docs","retired UI vocabulary","0 runtime","UI governance docs/tests","0","n/a","No","Docs only","No","Runtime ActionBar is gone; current mentions state retired status","Trim stale wording but preserve retired-status docs","Low","./run_tests.sh ui if UI docs/tests changed"
P3,KEEP_CURRENTLY_USED,"Stage authoring PresentationId","Assets/_Features/Stages/Content/*_Authoring.asset; Assets/_Features/Stages/Editor","authoring/presentation field","Active editor presentation selection","Stage authoring tests","authoring assets","n/a","Editor/content reachable","No","No","Generated gameplay spawn-side PresentationId rows are absent; authoring field is active","Do not delete without stage editor migration plan","High","StageRuntimeBuilderTests; StageContentAndClearFlowTests; StageSceneBootstrapValidatorTests"
P0,DELETE_NOW_UNUSED,"Generated gameplay StageSpawnDefinition.PresentationId rows","Assets/_Features/Stages/Content/*_Gameplay.asset","generated gameplay spawn residue","0","0","0","0","No","No","No","No generated gameplay PresentationId rows found","No action","Low","None"
P2,KEEP_BY_PRODUCT_DECISION,"Flip-only capability combo","combined-gameplay-showcase_Authoring.asset","stage content combo","Showcase only","Gameplay tests use synthetic Flip","n/a","2","Runtime reachable if loaded","No","No","Only 2 box placements, both showcase-only","Keep showcase mechanic and runtime generalization","Medium","core + stage validator tests"
P2,KEEP_BY_PRODUCT_DECISION,"Push+Flip capability combo","combined-gameplay-showcase_Authoring.asset","stage content combo","Showcase only","Gameplay tests use synthetic combos","n/a","2","Runtime reachable if loaded","No","No","Only 2 box placements, both showcase-only","Keep showcase mechanic and runtime generalization","Medium","core + stage validator tests"
P2,KEEP_BY_PRODUCT_DECISION,"Item-only and Item mixed combos","combined-gameplay-showcase_Authoring.asset","stage content combo","Showcase only","Item priority tests","n/a","4 total Item-included","Runtime reachable if loaded","No","No","Item priority rules have only showcase content coverage","Keep showcase content and Item priority","Medium","MovementPhaseScenarioTests; ./run_tests.sh core"
P2,KEEP_BY_PRODUCT_DECISION,"Flip+Destroy exact combo","No stage content","capability combo","0","Possible synthetic tests/docs","0","0","No content reachability","No","No","Exact combo count is zero","Keep runtime generalization in this PR","Medium","core targeted if tests changed"
P2,KEEP_CURRENTLY_USED,"Push+Destroy fallback","tutorial-scene_Authoring.asset; combined-gameplay-showcase_Authoring.asset","capability combo/rule","Tutorial + showcase","Push destroy playmode/core tests","n/a","30","Runtime reachable","No","No","Content count is not zero; static audit did not prove first-step blocked layouts for all rows","Keep until layout reachability simulation/content owner review","Medium","PlayerMovementPlayModeTests; ./run_tests.sh core"
P2,KEEP_CURRENTLY_USED,"Push+Flip+Destroy+JumpCrushable","campaign authoring assets","capability combo","Broad campaign content","Core/gameplay tests","n/a","708","Runtime reachable","No","No","Heavily used campaign combo; not deletion candidate despite branch complexity","Do not delete without major content migration","High","core + stage validator/editor evidence"
P2,KEEP_CURRENTLY_USED,"BoxInteractionLockState BlocksPush/BlocksFlip","EnemyAi_LockNearbyBoxes naming residue; stage authoring refs","runtime/content mechanic","Campaign stages reference the profile name, but its active utility capability is GravityFieldAura kind 2","Core/replay/scenario tests","profile assets","stage enemy refs exist","Runtime reachable through GravityFieldAura","No","No","Production gravity field profile blocks both Push and Flip; independent LockNearbyBoxes kind 1 is retired","Keep GravityField/BoxInteractionLockState semantics","Medium","EnemyAiScenarioTests; TickReplayDeterminismTests; ./run_tests.sh core"
P2,REMOVED_BY_PRODUCT_DECISION,"BoxSlideShield","retired EnemyCapability_FrontFaceShield_BoxSlideShield.asset","retired enemy support mechanic","Removed runtime/presentation/VFX residue in PR D","Contraction and preserved-lock tests","0 current asset refs","0","No current Stage profile reachability","No","Yes","Profile asset was already removed with unused FrontFaceShield; PR D removed runtime state, movement blocker, replay/hash/trace, presentation, VFX, prefab/material residue","Keep BoxInteractionLockState / BlocksPush / BlocksFlip / GravityField lock semantics","Medium","MovementPhaseScenarioTests; EnemyAiScenarioTests; TickReplayDeterminismTests"
P2,REMOVED_BY_PRODUCT_DECISION,"Player hand flip presentation driver","Assets/_Features/Gameplay/Gameplay_Host/Runtime","presentation component","No production prefab/scene/asset GUID ref","Tests added component manually","0","n/a","Optional only","No","Mostly","Current player IK path is unavailable and no prefab supplies this component","Remove component, optional lookup path, docs, and hand-interaction tests","Medium","GameplayFlipInteractionObservableTests; playmode visual/manual if prefab changes"
P2,KEEP_CURRENTLY_USED,"BoxFlipInteractionDriver","Assets/_Features/Gameplay/Gameplay_Host/Runtime/BoxFlipInteractionDriver.cs","presentation component","4 static box prefab refs","Unit/playmode tests","4 prefab GUID refs","n/a","Runtime reachable","No","No","Production box prefabs attach it","Keep","Medium","FlipImpactTrackTests; PlayerMovementPlayModeTests"
P0,DELETE_NOW_UNUSED,"GameplayBoxCapabilityLabelViewFactory","Docs/Testing stale rows","debug/showcase label factory","0 runtime class found","Historical test names/docs","0","n/a","No","Yes","No","Runtime class not found; remaining mentions are stale ledger/history","Docs cleanup only","Low","Docs-only"
P2,KEEP_PRESENTATION_CONTRACT,"FlipImpactPresentationSignal","TickPresentationData.cs","presentation carrier","Host/VFX/block audio consumers","Core/playmode tests","n/a","n/a","Yes","No","No","Consumed by multiple production systems","Do not delete","High","BarricadeBoxInteractionCoreTests; PlayerFlipActiveGlideLandingCoreTests"
P2,KEEP_PRESENTATION_CONTRACT,"PlayerActionAttemptSignals","TickPresentationData.cs","presentation/audio/input carrier","Action audio, track planner, input host, mapper consumers","Many tests","n/a","n/a","Yes","No","No","Fake/blocked attempt carrier is consumed","Do not delete","High","PlayerFlipLandingRejectCoreTests; GameplayActionAudioRuntimeTests"
P0,REMOVED_CURRENT_MOMENT_VOCABULARY,"Push/Flip Execute and Recovery action-audio moments","GameplayActionAudioTypes.cs; GameplayActionAudioRequestPlanner.cs; Player_S1_GameplayActionAudioProfile.asset","audio moment vocabulary","0 current enum/planner/profile entries after action-audio policy decision","Planner absence tests","profile attached","n/a","No action-audio reachability; gameplay timeline remains reachable","No","No","Execute and Recovery are gameplay timeline facts but not current GameplayActionAudioMoment members","Keep removed from action-audio docs; preserve gameplay execute/recovery timeline","Medium","GameplayActionAudioRuntimeTests; AudioRepositoryAssetSmokeCoreTests"
P0,REMOVED_CURRENT_MOMENT_VOCABULARY,"Push/Flip Contact/ImpactEnemy/Blocked action-audio moments","GameplayActionAudioTypes.cs; GameplayActionAudioRequestPlanner.cs; Player_S1_GameplayActionAudioProfile.asset","audio moment vocabulary","0 current enum/planner/profile entries","Governance absence tests","0","n/a","No","No","No","Contact ImpactEnemy and Blocked are not current GameplayActionAudioMoment members and are not emitted by the action-audio planner","Keep removed from action-audio docs; use existing presentation/audio lanes for impact and blocked cues","Low","None unless touching audio tests"
P4,KEEP_CURRENTLY_USED,"Settings Push/Flip rebind rows","SettingsScreen.prefab; KeyboardBindingSettingsService.cs","UI/settings","Runtime settings screen and save/restore","UI tests","prefab rows","n/a","Yes","No","No","Rebind applies InputAction overrides and persists JSON","Keep; path constants now centralized and setup validates required actions","Medium","./run_tests.sh ui"
P4,REFACTORED_CURRENT_CONTRACT,"KeyboardBindingSettingsService hardcoded Player/Push Player/Flip paths","Assets/_Shared/Input/Runtime/KeyboardBindingSettingsService.cs","input settings path constants","Runtime settings service","UI/input tests","0","n/a","Yes","No","No","Action rename risk is bounded by shared GameplayInputActionPaths and fail-fast setup validation","Shared path owner added; missing required actions and Push/Flip keyboard bindings fail fast","Medium","./run_tests.sh ui; ./run_tests.sh core"
P3,KEEP_CURRENTLY_USED,"ActionPlanId / SourceActionPlanId / IntentId","Gameplay movement/attack/host/VFX/debug files","correlation/determinism IDs","Trace, VFX, presentation, attack/movement resolution","Replay/core tests","n/a","n/a","Yes","No","No","Active canonical correlation vocabulary","Do not delete","High","TickReplayDeterminismTests; ActionPlanCorrelationContractTests"
